{"cameraMode":{"drawMode":0,"name":"Shaded","section":"Shading Mode"},"sceneLighting":true,"audioPlay":false,"sceneViewState":{"showFog":true,"showMaterialUpdate":false,"showSkybox":true,"showFlares":true,"showImageEffects":true,"showParticleSystems":true},"in2DMode":false,"pivot":{"x":-4.0133562088012699,"y":-0.9501355886459351,"z":-3.9761946201324465},"rotation":{"x":-0.013260981999337674,"y":0.9364688396453857,"z":-0.3496202528476715,"w":-0.03572697192430496},"size":8.597957611083985,"orthographic":false}