{"cameraMode":{"drawMode":0,"name":"Shaded","section":"Shading Mode"},"sceneLighting":true,"audioPlay":false,"sceneViewState":{"showFog":true,"showMaterialUpdate":false,"showSkybox":true,"showFlares":true,"showImageEffects":true,"showParticleSystems":true},"in2DMode":false,"pivot":{"x":-4.115555763244629,"y":0.24673676490783692,"z":-0.6400535106658936},"rotation":{"x":-0.06229449808597565,"y":0.8011043667793274,"z":-0.08467073738574982,"w":-0.5892616510391235},"size":7.601500511169434,"orthographic":false}