{"cameraMode":{"drawMode":0,"name":"Shaded","section":"Shading Mode"},"sceneLighting":true,"audioPlay":false,"sceneViewState":{"showFog":true,"showMaterialUpdate":false,"showSkybox":true,"showFlares":true,"showImageEffects":true,"showParticleSystems":true},"in2DMode":false,"pivot":{"x":-4.375555038452148,"y":-4.642786979675293,"z":-5.720623970031738},"rotation":{"x":0.03472064435482025,"y":-0.9658858180046082,"z":0.19848181307315827,"w":0.16480979323387147},"size":11.335189819335938,"orthographic":false}