{"cameraMode":{"drawMode":0,"name":"Shaded","section":"Shading Mode"},"sceneLighting":true,"audioPlay":false,"sceneViewState":{"showFog":true,"showMaterialUpdate":false,"showSkybox":true,"showFlares":true,"showImageEffects":true,"showParticleSystems":true},"in2DMode":false,"pivot":{"x":0.8561810851097107,"y":1.1530976295471192,"z":-0.176041841506958},"rotation":{"x":-0.28862062096595766,"y":-0.01235311757773161,"z":0.0037236022762954237,"w":-0.9573611617088318},"size":0.6669539213180542,"orthographic":false}